Zeit_s,Fuellstand_mm
0.04745984077453613,50.24847374847375
0.16577506065368652,50.08730158730159
0.2754325866699219,50.08730158730159
0.3917109966278076,50.194749694749696
0.5105853080749512,50.194749694749696
0.6332638263702393,50.14102564102564
0.742485761642456,50.14102564102564
0.8673365116119385,50.08730158730159
0.9765355587005615,50.194749694749696
1.086238145828247,50.194749694749696
1.211021900177002,50.14102564102564
1.3352510929107666,50.08730158730159
1.4596459865570068,50.194749694749696
1.5851702690124512,50.08730158730159
1.7100296020507812,50.24847374847375
1.8346691131591797,50.194749694749696
1.9597184658050537,50.24847374847375
2.068399429321289,50.08730158730159
2.1915359497070312,50.08730158730159
2.3160440921783447,50.24847374847375
2.4398674964904785,50.08730158730159
2.5497825145721436,50.08730158730159
2.6589126586914062,50.14102564102564
2.781895875930786,50.08730158730159
2.9071426391601562,50.14102564102564
3.03058123588562,50.08730158730159
3.139652967453003,50.14102564102564
3.2644028663635254,53.901709401709404
3.3732407093048096,50.194749694749696
3.4981396198272705,53.68681318681319
3.6222407817840576,54.815018315018314
3.7320759296417236,56.91025641025641
3.8566081523895264,58.46825396825397
3.981114387512207,58.36080586080586
4.104969024658203,61.047008547008545
4.231524705886841,62.71245421245421
4.355749130249023,62.443833943833944
4.465985536575317,62.39010989010989
4.575107097625732,63.84065934065934
4.699657678604126,68.03113553113553
4.824758529663086,71.36202686202687
4.949350595474243,68.35347985347985
5.057830095291138,71.52319902319903
5.167274475097656,69.58913308913309
5.292892932891846,68.1923076923077
5.402056455612183,69.85775335775335
5.525592565536499,70.93223443223442
5.635840654373169,73.61843711843711
5.761008024215698,72.22161172161172
5.885241746902466,78.1849816849817
6.0120837688446045,73.51098901098901
6.136624574661255,74.63919413919413
6.260470628738403,76.1971916971917
6.369696855545044,77.59401709401709
6.493870258331299,77.75518925518925
6.618217706680298,78.45360195360195
6.743077039718628,80.495115995116
6.867184162139893,80.87118437118437
6.974950551986694,79.7967032967033
7.099247932434082,80.71001221001221
7.225373029708862,79.36691086691087
7.350513219833374,82.26800976800976
7.475982904434204,83.34249084249083
7.584255218505859,82.16056166056165
7.6942033767700195,84.41697191697192
7.816277980804443,84.25579975579976
7.940293788909912,87.74786324786325
8.065731763839722,84.9004884004884
8.176682710647583,87.8015873015873
8.299508333206177,88.23137973137973
8.424815654754639,89.68192918192918
8.548632144927979,88.5
8.674033641815186,88.12393162393163
8.782626390457153,89.78937728937728
8.893155813217163,90.0042735042735
9.01698899269104,90.16544566544567
9.141462087631226,90.64896214896214
9.265247344970703,90.27289377289378
9.374715805053711,91.45482295482296
9.48444128036499,90.75641025641025
9.59451961517334,92.58302808302808
9.718977212905884,93.44261294261294
9.84348440170288,92.7979242979243
9.96774435043335,95.80647130647131
10.076767206192017,93.87240537240538
10.187574863433838,93.92612942612942
10.310203552246094,96.3974358974359
10.4350745677948,98.27777777777777
10.56024432182312,95.96764346764347
10.684476852416992,97.04212454212454
10.794447660446167,96.55860805860806
10.91897439956665,99.62087912087912
11.043511867523193,97.6868131868132
11.16771650314331,101.07142857142857
11.276332378387451,97.84798534798534
11.40036392211914,99.78205128205128
11.509765863418579,98.49267399267399
11.635648250579834,100.26556776556777
11.760161638259888,100.6953601953602
11.86870789527893,99.88949938949939
11.978021144866943,99.94322344322345
12.101865530014038,100.26556776556777
12.2118558883667,102.14590964590965
12.337038278579712,103.48901098901098
12.461895942687988,100.53418803418803
12.568929195404053,102.1996336996337
12.69409966468811,102.73687423687423
12.818984031677246,103.91880341880342
12.95827054977417,106.44383394383394
13.068847894668579,104.50976800976801
13.177317380905151,105.36935286935287
13.300626993179321,107.62576312576313
13.425372838973999,105.36935286935287
13.549080848693848,105.7991452991453
13.659958600997925,105.96031746031747
13.784387826919556,105.63797313797315
13.893705368041992,105.42307692307692
14.018827199935913,106.06776556776558
14.144436836242676,107.03479853479854
14.268781661987305,108.10927960927961
14.376967906951904,108.27045177045177
14.50205373764038,108.96886446886447
14.6246657371521,111.54761904761905
14.749009847640991,109.07631257631257
14.873078346252441,112.40720390720391
14.997166633605957,112.35347985347985
15.121299505233765,112.13858363858364
15.260136842727661,109.66727716727718
15.367695808410645,111.97741147741148
15.493052244186401,113.21306471306471
15.617146968841553,114.93223443223444
15.74133586883545,110.63431013431014
15.866832971572876,111.44017094017093
15.976174354553223,111.6013431013431
16.085029125213623,112.35347985347985
16.209442377090454,112.46092796092796
16.334197282791138,111.97741147741148
16.459850311279297,112.94444444444444
16.56847333908081,112.13858363858364
16.677133798599243,116.38278388278388
16.802090406417847,115.63064713064713
16.928011655807495,116.86630036630036
17.052464723587036,115.2008547008547
17.176146268844604,114.87851037851038
17.30044460296631,115.46947496947497
17.42520308494568,116.27533577533578
17.565065145492554,117.77960927960928
17.690405130386353,117.51098901098901
17.814170360565186,117.94078144078144
17.938776969909668,116.65140415140415
18.06306529045105,121.37912087912088
18.188173055648804,120.62698412698413
18.31143093109131,121.37912087912088
18.43538498878479,117.99450549450549
18.546266317367554,120.03601953601954
18.67239212989807,119.55250305250306
18.797524213790894,120.41208791208791
18.922272205352783,118.85409035409036
19.04637122154236,120.94932844932845
19.155145406723022,120.46581196581197
19.279969930648804,122.50732600732601
19.40486192703247,121.64774114774114
19.52890920639038,123.36691086691087
19.650877714157104,123.85042735042735
19.775107383728027,122.72222222222223
19.91529417037964,123.58180708180709
20.040656566619873,123.95787545787546
20.149718761444092,124.06532356532357
20.25849676132202,123.36691086691087
20.369243621826172,123.63553113553114
20.492685556411743,125.51587301587301
20.61734914779663,124.92490842490842
20.741847276687622,124.87118437118437
20.850359439849854,125.94566544566544
20.95944118499756,125.51587301587301
21.08345055580139,124.71001221001221
21.208396911621094,126.91269841269842
21.332951068878174,130.0286935286935
21.441168785095215,129.2765567765568
21.55036234855652,128.63186813186815
21.660787105560303,127.93345543345544
21.784440994262695,127.07387057387058
21.90927743911743,127.3962148962149
22.016995906829834,128.3095238095238
22.124732971191406,129.70634920634922
22.250352144241333,128.3095238095238
22.375678300857544,131.96275946275946
22.515933752059937,134.16544566544565
22.62549352645874,133.1984126984127
22.73560643196106,131.74786324786325
22.85788321495056,131.58669108669108
22.983754634857178,134.0042735042735
23.10803484916687,135.02503052503053
23.21617579460144,133.03724053724054
23.32683253288269,135.61599511599513
23.43686056137085,134.81013431013432
23.54578995704651,134.75641025641028
23.66983938217163,134.05799755799757
23.794073820114136,139.8064713064713
23.90339207649231,139.32295482295484
24.014527082443237,139.96764346764348
24.137359619140625,133.3058608058608
24.26188349723816,134.9713064713065
24.386074781417847,135.34737484737485
24.496103048324585,135.56227106227107
24.605971336364746,137.6037851037851
24.71543788909912,139.43040293040292
24.83926749229431,136.04578754578756
24.963287353515625,135.1862026862027
25.103118419647217,137.33516483516485
25.22734522819519,140.1825396825397
25.35077428817749,143.4059829059829
25.47483468055725,136.85164835164835
25.583425045013428,138.24847374847374
25.693885326385498,138.94688644688645
25.80154061317444,140.66605616605617
25.926804065704346,137.9798534798535
26.05024218559265,139.86019536019535
26.158310174942017,139.16178266178267
26.266857147216797,138.08730158730157
26.376599311828613,139.37667887667888
26.501023769378662,137.87240537240535
26.625781774520874,141.36446886446885
26.735080242156982,138.14102564102564
26.844187021255493,142.06288156288156
26.968987941741943,139.86019536019535
27.09391498565674,143.51343101343102
27.218508005142212,141.2032967032967
27.343210697174072,143.4059829059829
27.451826572418213,141.0958485958486
27.57699489593506,147.22039072039072
27.700894117355347,144.9102564102564
27.82607102394104,145.9310134310134
27.96717882156372,142.43894993894992
28.07659077644348,145.23260073260073
28.199852466583252,144.5879120879121
28.30875062942505,145.34004884004884
28.43336534500122,143.56715506715506
28.558860540390015,145.7161172161172
28.667545795440674,146.1996336996337
28.77705430984497,148.45604395604397
28.90097951889038,146.1996336996337
29.024742126464844,147.0054945054945
29.148190021514893,147.7039072039072
29.2606041431427,145.44749694749694
29.36710786819458,146.3070818070818
29.491349458694458,151.24969474969475
29.61557912826538,149.96031746031747
29.739858865737915,151.24969474969475
29.848414421081543,150.28266178266176
29.988054037094116,153.6135531135531
30.11384868621826,153.77472527472526
30.23714804649353,155.17155067155068
30.34669518470764,154.04334554334554
30.455880880355835,156.78327228327228
30.564936637878418,148.2948717948718
30.690112590789795,149.85286935286933
30.80188536643982,151.14224664224665
30.927002429962158,149.7991452991453
31.052687644958496,150.92735042735043
31.161834955215454,152.70024420024419
31.28606939315796,151.73321123321125
31.410305500030518,153.45238095238096
31.53726053237915,153.8821733821734
31.662024974822998,157.26678876678875
31.787472009658813,157.69658119658118
31.895769357681274,153.23748473748475
32.00504755973816,151.73321123321125
32.13051700592041,154.79548229548232
32.270060539245605,154.52686202686203
32.39303469657898,156.19230769230768
32.51753830909729,156.6221001221001
32.64283037185669,158.6098901098901
32.766072273254395,158.34126984126982
32.89123344421387,155.44017094017096
32.99863576889038,155.06410256410257
33.10640025138855,156.83699633699632
33.231653690338135,156.67582417582418
33.35769319534302,158.82478632478632
33.48243808746338,160.65140415140417
33.59186053276062,157.32051282051282
33.71598267555237,158.6098901098901
33.83875799179077,159.03968253968253
33.96444034576416,157.64285714285714
34.08918809890747,159.25457875457874
34.21346116065979,158.93223443223445
34.32376217842102,159.63064713064713
34.44670844078064,159.25457875457874
34.587563037872314,157.9114774114774
34.7139368057251,161.67216117216117
34.82219314575195,159.3083028083028
34.94641637802124,163.12271062271063
35.07077383995056,161.83333333333331
35.19639849662781,165.27167277167277
35.31979274749756,166.34615384615384
35.43062448501587,160.1141636141636
35.5389244556427,163.0689865689866
35.66472840309143,164.14346764346766
35.78988552093506,164.94932844932845
35.93033957481384,166.50732600732601
36.05628442764282,168.17277167277166
36.18199586868286,161.6184371184371
36.291072607040405,165.00305250305252
36.40094017982483,163.76739926739927
36.541258096694946,165.75518925518924
36.66567325592041,166.02380952380952
36.7906768321991,169.4084249084249
36.91549348831177,171.61111111111111
37.04034733772278,172.84676434676436
37.16394543647766,164.14346764346766
37.28815579414368,164.89560439560438
37.398032665252686,167.36691086691087
37.5095751285553,166.61477411477412
37.61953616142273,168.44139194139194
37.74515628814697,167.3131868131868
37.86983394622803,168.495115995116
37.99428081512451,168.54884004884005
38.11734318733215,172.47069597069597
38.22653770446777,171.12759462759465
38.33587098121643,172.47069597069597
38.46141457557678,168.97863247863248
38.586512088775635,169.515873015873
38.71160554885864,169.4084249084249
38.820847272872925,171.82600732600733
38.930617332458496,176.6074481074481
39.05505132675171,176.5
39.19454789161682,177.8968253968254
39.319392919540405,169.62332112332112
39.44513773918152,172.63186813186815
39.55280542373657,173.33028083028083
39.6771821975708,172.3095238095238
39.80201482772827,171.93345543345544
39.92732000350952,170.69780219780222
40.05139923095703,171.34249084249086
40.17746663093567,174.0286935286935
40.30055570602417,173.38400488400487
40.42508316040039,173.76007326007326
40.55039405822754,170.85897435897436
40.67527413368225,174.13614163614164
40.7848596572876,175.37179487179486
40.89370083808899,172.95421245421244
41.01883316040039,175.479242979243
41.1430242061615,174.08241758241758
41.26780819892883,174.94200244200243
41.37618899345398,174.94200244200243
41.50188112258911,177.520757020757
41.62631607055664,175.31807081807082
41.75001931190491,176.7148962148962
41.874340772628784,174.61965811965814
41.98356080055237,177.520757020757
42.09276270866394,176.92979242979243
42.21569204330444,176.82234432234432
42.339367389678955,178.0042735042735
42.448487281799316,176.5
42.55785298347473,178.75641025641025
42.68218421936035,178.86385836385836
42.80681848526001,180.31440781440782
42.930787324905396,180.15323565323564
43.03982973098755,182.14102564102564
43.14840579032898,178.64896214896214
43.27440547943115,179.6159951159951
43.382285356521606,181.55006105006106
43.5061240196228,180.2069597069597
43.61698246002197,180.63675213675214
43.726348876953125,179.18620268620268
43.83681297302246,180.52930402930403
43.94623041152954,179.07875457875457
44.06985402107239,182.89316239316238
44.21056580543518,182.46336996336996
44.33501315116882,209.5940170940171
